-- MySQL dump 10.13  Distrib 8.0.33, for Win64 (x86_64)
--
-- Host: 127.0.0.1    Database: nest_admin
-- ------------------------------------------------------
-- Server version	8.0.30

/*!40101 SET @OLD_CHARACTER_SET_CLIENT=@@CHARACTER_SET_CLIENT */;
/*!40101 SET @OLD_CHARACTER_SET_RESULTS=@@CHARACTER_SET_RESULTS */;
/*!40101 SET @OLD_COLLATION_CONNECTION=@@COLLATION_CONNECTION */;
/*!50503 SET NAMES utf8mb4 */;
/*!40103 SET @OLD_TIME_ZONE=@@TIME_ZONE */;
/*!40103 SET TIME_ZONE='+00:00' */;
/*!40014 SET @OLD_UNIQUE_CHECKS=@@UNIQUE_CHECKS, UNIQUE_CHECKS=0 */;
/*!40014 SET @OLD_FOREIGN_KEY_CHECKS=@@FOREIGN_KEY_CHECKS, FOREIGN_KEY_CHECKS=0 */;
/*!40101 SET @OLD_SQL_MODE=@@SQL_MODE, SQL_MODE='NO_AUTO_VALUE_ON_ZERO' */;
/*!40111 SET @OLD_SQL_NOTES=@@SQL_NOTES, SQL_NOTES=0 */;

--
-- Table structure for table `migrations`
--

DROP TABLE IF EXISTS `migrations`;
/*!40101 SET @saved_cs_client     = @@character_set_client */;
/*!50503 SET character_set_client = utf8mb4 */;
CREATE TABLE `migrations` (
  `id` int NOT NULL AUTO_INCREMENT,
  `timestamp` bigint NOT NULL,
  `name` varchar(255) COLLATE utf8mb4_unicode_ci NOT NULL,
  PRIMARY KEY (`id`)
) ENGINE=InnoDB AUTO_INCREMENT=7 DEFAULT CHARSET=utf8mb4 COLLATE=utf8mb4_unicode_ci;
/*!40101 SET character_set_client = @saved_cs_client */;

--
-- Dumping data for table `migrations`
--

/*!40000 ALTER TABLE `migrations` DISABLE KEYS */;
INSERT INTO `migrations` VALUES (1,1707996695540,'InitData1707996695540'),(2,1717007831711,'UpdateTable2001717007831711'),(3,1768371774287,'UpdateTable2001768371774287'),(4,1768371952191,'UpdateTable2001768371952191'),(5,1768372062168,'UpdateTable2001768372062168'),(6,1768372102786,'UpdateTable2001768372102786');
/*!40000 ALTER TABLE `migrations` ENABLE KEYS */;

--
-- Table structure for table `sys_captcha_log`
--

DROP TABLE IF EXISTS `sys_captcha_log`;
/*!40101 SET @saved_cs_client     = @@character_set_client */;
/*!50503 SET character_set_client = utf8mb4 */;
CREATE TABLE `sys_captcha_log` (
  `id` varchar(19) CHARACTER SET utf8mb4 COLLATE utf8mb4_general_ci NOT NULL COMMENT '主键ID（雪花ID）',
  `user_id` varchar(19) CHARACTER SET utf8mb4 COLLATE utf8mb4_general_ci DEFAULT NULL,
  `account` varchar(100) CHARACTER SET utf8mb4 COLLATE utf8mb4_general_ci NOT NULL COMMENT '账号',
  `code` varchar(10) CHARACTER SET utf8mb4 COLLATE utf8mb4_general_ci NOT NULL COMMENT '验证码',
  `provider` varchar(50) CHARACTER SET utf8mb4 COLLATE utf8mb4_general_ci NOT NULL COMMENT '验证码提供商',
  `created_at` datetime(6) NOT NULL DEFAULT CURRENT_TIMESTAMP(6),
  `updated_at` datetime(6) NOT NULL DEFAULT CURRENT_TIMESTAMP(6) ON UPDATE CURRENT_TIMESTAMP(6),
  PRIMARY KEY (`id`) USING BTREE
) ENGINE=InnoDB DEFAULT CHARSET=utf8mb3 ROW_FORMAT=DYNAMIC;
/*!40101 SET character_set_client = @saved_cs_client */;

--
-- Dumping data for table `sys_captcha_log`
--

/*!40000 ALTER TABLE `sys_captcha_log` DISABLE KEYS */;
/*!40000 ALTER TABLE `sys_captcha_log` ENABLE KEYS */;

--
-- Table structure for table `sys_config`
--

DROP TABLE IF EXISTS `sys_config`;
/*!40101 SET @saved_cs_client     = @@character_set_client */;
/*!50503 SET character_set_client = utf8mb4 */;
CREATE TABLE `sys_config` (
  `id` varchar(19) CHARACTER SET utf8mb4 COLLATE utf8mb4_general_ci NOT NULL COMMENT '主键ID（雪花ID）',
  `key` varchar(50) CHARACTER SET utf8mb4 COLLATE utf8mb4_general_ci NOT NULL,
  `name` varchar(50) CHARACTER SET utf8mb4 COLLATE utf8mb4_general_ci NOT NULL,
  `value` varchar(255) CHARACTER SET utf8mb4 COLLATE utf8mb4_general_ci DEFAULT NULL,
  `remark` varchar(255) CHARACTER SET utf8mb4 COLLATE utf8mb4_general_ci DEFAULT NULL,
  `created_at` datetime(6) NOT NULL DEFAULT CURRENT_TIMESTAMP(6),
  `updated_at` datetime(6) NOT NULL DEFAULT CURRENT_TIMESTAMP(6) ON UPDATE CURRENT_TIMESTAMP(6),
  PRIMARY KEY (`id`) USING BTREE,
  UNIQUE KEY `IDX_2c363c25cf99bcaab3a7f389ba` (`key`) USING BTREE
) ENGINE=InnoDB DEFAULT CHARSET=utf8mb4 COLLATE=utf8mb4_general_ci ROW_FORMAT=DYNAMIC;
/*!40101 SET character_set_client = @saved_cs_client */;

--
-- Dumping data for table `sys_config`
--

/*!40000 ALTER TABLE `sys_config` DISABLE KEYS */;
INSERT INTO `sys_config` VALUES ('269710037134479360','sys_user_initPassword','初始密码','a123456','创建管理员账号的初始密码','2023-11-10 00:31:44.154921','2026-01-15 14:23:42.000000'),('269710037134479361','sys_api_token','API Token','nest-admin','用于请求 @ApiToken 的控制器','2023-11-10 00:31:44.154921','2024-01-29 09:52:27.000000');
/*!40000 ALTER TABLE `sys_config` ENABLE KEYS */;

--
-- Table structure for table `sys_dept`
--

DROP TABLE IF EXISTS `sys_dept`;
/*!40101 SET @saved_cs_client     = @@character_set_client */;
/*!50503 SET character_set_client = utf8mb4 */;
CREATE TABLE `sys_dept` (
  `id` varchar(19) CHARACTER SET utf8mb4 COLLATE utf8mb4_general_ci NOT NULL COMMENT '主键ID（雪花ID）',
  `name` varchar(50) CHARACTER SET utf8mb4 COLLATE utf8mb4_general_ci NOT NULL COMMENT '部门名称',
  `orderNo` int DEFAULT '0',
  `mpath` varchar(255) CHARACTER SET utf8mb4 COLLATE utf8mb4_general_ci NOT NULL DEFAULT '' COMMENT '树路径',
  `parentId` varchar(19) CHARACTER SET utf8mb4 COLLATE utf8mb4_general_ci DEFAULT NULL,
  `created_at` datetime(6) NOT NULL DEFAULT CURRENT_TIMESTAMP(6),
  `updated_at` datetime(6) NOT NULL DEFAULT CURRENT_TIMESTAMP(6) ON UPDATE CURRENT_TIMESTAMP(6),
  `create_by` varchar(19) CHARACTER SET utf8mb4 COLLATE utf8mb4_general_ci DEFAULT NULL COMMENT '创建者',
  `update_by` varchar(19) CHARACTER SET utf8mb4 COLLATE utf8mb4_general_ci DEFAULT NULL COMMENT '更新者',
  PRIMARY KEY (`id`) USING BTREE,
  KEY `FK_c75280b01c49779f2323536db67` (`parentId`),
  CONSTRAINT `FK_c75280b01c49779f2323536db67` FOREIGN KEY (`parentId`) REFERENCES `sys_dept` (`id`) ON DELETE SET NULL
) ENGINE=InnoDB DEFAULT CHARSET=utf8mb3 ROW_FORMAT=DYNAMIC;
/*!40101 SET character_set_client = @saved_cs_client */;

--
-- Dumping data for table `sys_dept`
--

/*!40000 ALTER TABLE `sys_dept` DISABLE KEYS */;
INSERT INTO `sys_dept` VALUES ('269710037138673664','华东分部',1,'1.',NULL,'2023-11-10 00:31:43.996025','2023-11-10 00:31:44.008709',NULL,NULL),('269710037138673665','研发部',1,'1.2.','269710037138673664','2023-11-10 00:31:43.996025','2023-11-10 00:31:44.008709',NULL,NULL),('269710037138673666','市场部',2,'1.3.','269710037138673664','2023-11-10 00:31:43.996025','2023-11-10 00:31:44.008709',NULL,NULL),('269710037138673667','商务部',3,'1.4.','269710037138673664','2023-11-10 00:31:43.996025','2023-11-10 00:31:44.008709',NULL,NULL),('269710037138673668','财务部',4,'1.5.','269710037138673664','2023-11-10 00:31:43.996025','2023-11-10 00:31:44.008709',NULL,NULL),('269710037138673669','华南分部',2,'6.',NULL,'2023-11-10 00:31:43.996025','2023-11-10 00:31:44.008709',NULL,NULL),('269710037138673670','西北分部',3,'7.',NULL,'2023-11-10 00:31:43.996025','2023-11-10 00:31:44.008709',NULL,NULL),('269710037138673671','研发部',1,'6.8.','269710037138673669','2023-11-10 00:31:43.996025','2023-11-10 00:31:44.008709',NULL,NULL),('269710037138673672','市场部',1,'6.9.','269710037138673669','2023-11-10 00:31:43.996025','2023-11-10 00:31:44.008709',NULL,NULL);
/*!40000 ALTER TABLE `sys_dept` ENABLE KEYS */;

--
-- Table structure for table `sys_dict`
--

DROP TABLE IF EXISTS `sys_dict`;
/*!40101 SET @saved_cs_client     = @@character_set_client */;
/*!50503 SET character_set_client = utf8mb4 */;
CREATE TABLE `sys_dict` (
  `id` varchar(19) CHARACTER SET utf8mb4 COLLATE utf8mb4_general_ci NOT NULL COMMENT '主键ID（雪花ID）',
  `created_at` datetime(6) NOT NULL DEFAULT CURRENT_TIMESTAMP(6),
  `updated_at` datetime(6) NOT NULL DEFAULT CURRENT_TIMESTAMP(6) ON UPDATE CURRENT_TIMESTAMP(6),
  `create_by` varchar(19) CHARACTER SET utf8mb4 COLLATE utf8mb4_general_ci DEFAULT NULL COMMENT '创建者',
  `update_by` varchar(19) CHARACTER SET utf8mb4 COLLATE utf8mb4_general_ci DEFAULT NULL COMMENT '更新者',
  `name` varchar(50) CHARACTER SET utf8mb4 COLLATE utf8mb4_general_ci NOT NULL,
  `status` tinyint NOT NULL DEFAULT '1',
  `remark` varchar(255) CHARACTER SET utf8mb4 COLLATE utf8mb4_general_ci DEFAULT NULL,
  PRIMARY KEY (`id`),
  UNIQUE KEY `IDX_d112365748f740ee260b65ce91` (`name`)
) ENGINE=InnoDB DEFAULT CHARSET=utf8mb4 COLLATE=utf8mb4_general_ci;
/*!40101 SET character_set_client = @saved_cs_client */;

--
-- Dumping data for table `sys_dict`
--

/*!40000 ALTER TABLE `sys_dict` DISABLE KEYS */;
/*!40000 ALTER TABLE `sys_dict` ENABLE KEYS */;

--
-- Table structure for table `sys_dict_item`
--

DROP TABLE IF EXISTS `sys_dict_item`;
/*!40101 SET @saved_cs_client     = @@character_set_client */;
/*!50503 SET character_set_client = utf8mb4 */;
CREATE TABLE `sys_dict_item` (
  `id` varchar(19) CHARACTER SET utf8mb4 COLLATE utf8mb4_general_ci NOT NULL COMMENT '主键ID（雪花ID）',
  `created_at` datetime(6) NOT NULL DEFAULT CURRENT_TIMESTAMP(6),
  `updated_at` datetime(6) NOT NULL DEFAULT CURRENT_TIMESTAMP(6) ON UPDATE CURRENT_TIMESTAMP(6),
  `create_by` varchar(19) COLLATE utf8mb4_general_ci DEFAULT NULL COMMENT '创建者',
  `update_by` varchar(19) COLLATE utf8mb4_general_ci DEFAULT NULL COMMENT '更新者',
  `label` varchar(50) CHARACTER SET utf8mb4 COLLATE utf8mb4_general_ci NOT NULL,
  `value` varchar(50) CHARACTER SET utf8mb4 COLLATE utf8mb4_general_ci NOT NULL,
  `order` int DEFAULT NULL COMMENT '字典项排序',
  `status` tinyint NOT NULL DEFAULT '1',
  `remark` varchar(255) CHARACTER SET utf8mb4 COLLATE utf8mb4_general_ci DEFAULT NULL,
  `type_id` varchar(19) COLLATE utf8mb4_general_ci DEFAULT NULL COMMENT '主键ID（雪花ID）',
  `orderNo` int DEFAULT NULL COMMENT '字典项排序',
  PRIMARY KEY (`id`)
) ENGINE=InnoDB DEFAULT CHARSET=utf8mb4 COLLATE=utf8mb4_general_ci;
/*!40101 SET character_set_client = @saved_cs_client */;

--
-- Dumping data for table `sys_dict_item`
--

/*!40000 ALTER TABLE `sys_dict_item` DISABLE KEYS */;
INSERT INTO `sys_dict_item` VALUES ('269710037138673675','2024-01-29 01:24:51.846135','2024-01-29 02:23:19.000000','269710037138673673','269710037142867969','男','1',0,1,'性别男','269710037138673673',3),('269710037138673676','2024-01-29 01:32:58.458741','2024-01-29 01:58:20.000000','269710037142867969','269710037142867969','女','0',1,1,'性别女','269710037138673673',2),('269710037138673677','2024-01-29 01:59:17.805394','2024-01-29 14:37:18.000000','269710037142867969','269710037142867969','人妖王','3',NULL,1,'安布里奥·伊万科夫','269710037138673673',0),('269710037138673678','2024-01-29 02:13:01.782466','2024-01-29 02:13:01.782466','269710037142867969','269710037142867969','显示','1',NULL,1,'显示菜单','269710037138673674',0),('269710037138673679','2024-01-29 02:13:31.134721','2024-01-29 02:13:31.134721','269710037142867969','269710037142867969','隐藏','0',NULL,1,'隐藏菜单','269710037138673674',0);
/*!40000 ALTER TABLE `sys_dict_item` ENABLE KEYS */;

--
-- Table structure for table `sys_dict_type`
--

DROP TABLE IF EXISTS `sys_dict_type`;
/*!40101 SET @saved_cs_client     = @@character_set_client */;
/*!50503 SET character_set_client = utf8mb4 */;
CREATE TABLE `sys_dict_type` (
  `id` varchar(19) CHARACTER SET utf8mb4 COLLATE utf8mb4_general_ci NOT NULL COMMENT '主键ID（雪花ID）',
  `created_at` datetime(6) NOT NULL DEFAULT CURRENT_TIMESTAMP(6),
  `updated_at` datetime(6) NOT NULL DEFAULT CURRENT_TIMESTAMP(6) ON UPDATE CURRENT_TIMESTAMP(6),
  `create_by` varchar(19) COLLATE utf8mb4_general_ci DEFAULT NULL COMMENT '创建者',
  `update_by` varchar(19) COLLATE utf8mb4_general_ci DEFAULT NULL COMMENT '更新者',
  `name` varchar(50) CHARACTER SET utf8mb4 COLLATE utf8mb4_general_ci NOT NULL,
  `status` tinyint NOT NULL DEFAULT '1',
  `remark` varchar(255) CHARACTER SET utf8mb4 COLLATE utf8mb4_general_ci DEFAULT NULL,
  `code` varchar(50) CHARACTER SET utf8mb4 COLLATE utf8mb4_general_ci NOT NULL,
  PRIMARY KEY (`id`),
  UNIQUE KEY `IDX_74d0045ff7fab9f67adc0b1bda` (`code`)
) ENGINE=InnoDB DEFAULT CHARSET=utf8mb4 COLLATE=utf8mb4_general_ci;
/*!40101 SET character_set_client = @saved_cs_client */;

--
-- Dumping data for table `sys_dict_type`
--

/*!40000 ALTER TABLE `sys_dict_type` DISABLE KEYS */;
INSERT INTO `sys_dict_type` VALUES ('269710037138673673','2024-01-28 08:19:12.777447','2024-02-08 13:05:10.000000','269710037142867969','269710037142867969','性别',1,'性别单选','sys_user_gender'),('269710037138673674','2024-01-28 08:38:41.235185','2024-01-29 02:11:33.000000','269710037142867969','269710037142867969','菜单显示状态',1,'菜单显示状态','sys_show_hide');
/*!40000 ALTER TABLE `sys_dict_type` ENABLE KEYS */;

--
-- Table structure for table `sys_login_log`
--

DROP TABLE IF EXISTS `sys_login_log`;
/*!40101 SET @saved_cs_client     = @@character_set_client */;
/*!50503 SET character_set_client = utf8mb4 */;
CREATE TABLE `sys_login_log` (
  `id` varchar(19) CHARACTER SET utf8mb4 COLLATE utf8mb4_general_ci NOT NULL COMMENT '主键ID（雪花ID）',
  `ip` varchar(255) CHARACTER SET utf8mb4 COLLATE utf8mb4_general_ci DEFAULT NULL,
  `ua` varchar(500) CHARACTER SET utf8mb4 COLLATE utf8mb4_general_ci DEFAULT NULL,
  `address` varchar(255) CHARACTER SET utf8mb4 COLLATE utf8mb4_general_ci DEFAULT NULL,
  `provider` varchar(255) CHARACTER SET utf8mb4 COLLATE utf8mb4_general_ci DEFAULT NULL,
  `created_at` datetime(6) NOT NULL DEFAULT CURRENT_TIMESTAMP(6),
  `updated_at` datetime(6) NOT NULL DEFAULT CURRENT_TIMESTAMP(6) ON UPDATE CURRENT_TIMESTAMP(6),
  `user_id` varchar(19) COLLATE utf8mb4_general_ci DEFAULT NULL COMMENT '主键ID（雪花ID）',
  PRIMARY KEY (`id`) USING BTREE,
  KEY `FK_3029712e0df6a28edaee46fd470` (`user_id`),
  CONSTRAINT `FK_3029712e0df6a28edaee46fd470` FOREIGN KEY (`user_id`) REFERENCES `sys_user` (`id`) ON DELETE CASCADE
) ENGINE=InnoDB DEFAULT CHARSET=utf8mb4 COLLATE=utf8mb4_general_ci ROW_FORMAT=DYNAMIC;
/*!40101 SET character_set_client = @saved_cs_client */;

--
-- Dumping data for table `sys_login_log`
--

/*!40000 ALTER TABLE `sys_login_log` DISABLE KEYS */;
INSERT INTO `sys_login_log` VALUES ('269757968327774208','127.0.0.1','Mozilla/5.0 (Windows NT 10.0; Win64; x64) AppleWebKit/537.36 (KHTML, like Gecko) Chrome/143.0.0.0 Safari/537.36','内网IP',NULL,'2026-01-14 17:21:51.511198','2026-01-14 17:21:51.511198','269710037142867969'),('269763984272527360','127.0.0.1','Mozilla/5.0 (Windows NT 10.0; Win64; x64) AppleWebKit/537.36 (KHTML, like Gecko) Chrome/143.0.0.0 Safari/537.36 Edg/143.0.0.0','内网IP',NULL,'2026-01-14 17:45:45.825087','2026-01-14 17:45:45.825087','269710037142867969'),('270000411816103936','127.0.0.1','Mozilla/5.0 (Windows NT 10.0; Win64; x64) AppleWebKit/537.36 (KHTML, like Gecko) Chrome/143.0.0.0 Safari/537.36','内网IP',NULL,'2026-01-15 09:25:14.543584','2026-01-15 09:25:14.543584','269710037142867969'),('270075217940975616','127.0.0.1','Mozilla/5.0 (Windows NT 10.0; Win64; x64) AppleWebKit/537.36 (KHTML, like Gecko) Chrome/143.0.0.0 Safari/537.36','内网IP',NULL,'2026-01-15 14:22:29.714229','2026-01-15 14:22:29.714229','269710037142867969');
/*!40000 ALTER TABLE `sys_login_log` ENABLE KEYS */;

--
-- Table structure for table `sys_menu`
--

DROP TABLE IF EXISTS `sys_menu`;
/*!40101 SET @saved_cs_client     = @@character_set_client */;
/*!50503 SET character_set_client = utf8mb4 */;
CREATE TABLE `sys_menu` (
  `id` varchar(19) CHARACTER SET utf8mb4 COLLATE utf8mb4_general_ci NOT NULL COMMENT '主键ID（雪花ID）',
  `parent_id` varchar(19) CHARACTER SET utf8mb4 COLLATE utf8mb4_general_ci DEFAULT NULL,
  `path` varchar(255) CHARACTER SET utf8mb4 COLLATE utf8mb4_general_ci DEFAULT NULL,
  `name` varchar(255) CHARACTER SET utf8mb4 COLLATE utf8mb4_general_ci NOT NULL,
  `permission` varchar(255) CHARACTER SET utf8mb4 COLLATE utf8mb4_general_ci DEFAULT NULL,
  `type` tinyint NOT NULL DEFAULT '0',
  `icon` varchar(255) CHARACTER SET utf8mb4 COLLATE utf8mb4_general_ci DEFAULT '',
  `order_no` int DEFAULT '0',
  `component` varchar(255) CHARACTER SET utf8mb4 COLLATE utf8mb4_general_ci DEFAULT NULL,
  `keep_alive` tinyint NOT NULL DEFAULT '1',
  `show` tinyint NOT NULL DEFAULT '1',
  `status` tinyint NOT NULL DEFAULT '1',
  `created_at` datetime(6) NOT NULL DEFAULT CURRENT_TIMESTAMP(6),
  `updated_at` datetime(6) NOT NULL DEFAULT CURRENT_TIMESTAMP(6) ON UPDATE CURRENT_TIMESTAMP(6),
  `is_ext` tinyint NOT NULL DEFAULT '0',
  `ext_open_mode` tinyint NOT NULL DEFAULT '1',
  `active_menu` varchar(255) CHARACTER SET utf8mb4 COLLATE utf8mb4_general_ci DEFAULT NULL,
  `create_by` varchar(19) COLLATE utf8mb4_general_ci DEFAULT NULL COMMENT '创建者',
  `update_by` varchar(19) COLLATE utf8mb4_general_ci DEFAULT NULL COMMENT '更新者',
  PRIMARY KEY (`id`) USING BTREE
) ENGINE=InnoDB DEFAULT CHARSET=utf8mb4 COLLATE=utf8mb4_general_ci ROW_FORMAT=DYNAMIC;
/*!40101 SET character_set_client = @saved_cs_client */;

--
-- Dumping data for table `sys_menu`
--

/*!40000 ALTER TABLE `sys_menu` DISABLE KEYS */;
INSERT INTO `sys_menu` VALUES ('269710037142867970',NULL,'/system','系统管理','',0,'ant-design:setting-outlined',254,'',0,1,1,'2023-11-10 00:31:44.023393','2024-02-28 22:05:52.102649',0,1,NULL,NULL,NULL),('269710037142867971','269710037142867970','/system/user','用户管理','system:user:list',1,'ant-design:user-outlined',0,'system/user/index',0,1,1,'2023-11-10 00:31:44.023393','2024-02-28 22:05:52.102649',0,1,NULL,NULL,NULL),('269710037142867972','269710037142867970','/system/role','角色管理','system:role:list',1,'ep:user',1,'system/role/index',0,1,1,'2023-11-10 00:31:44.023393','2024-02-28 22:05:52.102649',0,1,NULL,NULL,NULL),('269710037142867973','269710037142867970','/system/menu','菜单管理','system:menu:list',1,'ep:menu',2,'system/menu/index',0,1,1,'2023-11-10 00:31:44.023393','2024-02-28 22:05:52.102649',0,1,NULL,NULL,NULL),('269710037142867974','269710037142867970','/system/monitor','系统监控','',0,'ep:monitor',5,'',0,1,1,'2023-11-10 00:31:44.023393','2024-02-28 22:05:52.102649',0,1,NULL,NULL,NULL),('269710037142867975','269710037142867974','/system/monitor/online','在线用户','system:online:list',1,'',0,'system/monitor/online/index',0,1,1,'2023-11-10 00:31:44.023393','2024-02-28 22:05:52.102649',0,1,NULL,NULL,NULL),('269710037142867976','269710037142867974','/sys/monitor/login-log','登录日志','system:log:login:list',1,'',0,'system/monitor/log/login/index',0,1,1,'2023-11-10 00:31:44.023393','2024-02-28 22:05:52.102649',0,1,NULL,NULL,NULL),('269710037142867977','269710037142867974','/system/monitor/serve','服务监控','system:serve:stat',1,'',4,'system/monitor/serve/index',0,1,1,'2023-11-10 00:31:44.023393','2024-02-28 22:05:52.102649',0,1,NULL,NULL,NULL),('269710037142867978','269710037142867970','/system/schedule','任务调度','',0,'ant-design:schedule-filled',6,'',0,1,1,'2023-11-10 00:31:44.023393','2024-02-28 22:05:52.102649',0,1,NULL,NULL,NULL),('269710037142867979','269710037142867978','/system/task','任务管理','',1,'',0,'system/schedule/task/index',0,1,1,'2023-11-10 00:31:44.023393','2024-02-28 22:05:52.102649',0,1,NULL,NULL,NULL),('269710037142867980','269710037142867978','/system/task/log','任务日志','system:task:list',1,'',0,'system/schedule/log/index',0,1,1,'2023-11-10 00:31:44.023393','2024-02-28 22:05:52.102649',0,1,NULL,NULL,NULL),('269710037142867989','269710037142867971',NULL,'新增','system:user:create',2,'',0,NULL,0,1,1,'2023-11-10 00:31:44.023393','2024-02-28 22:05:52.102649',0,1,NULL,NULL,NULL),('269710037142867990','269710037142867971','','删除','system:user:delete',2,'',0,'',0,1,1,'2023-11-10 00:31:44.023393','2024-02-28 22:05:52.102649',0,1,NULL,NULL,NULL),('269710037142867991','269710037142867971','','更新','system:user:update',2,'',0,'',0,1,1,'2023-11-10 00:31:44.023393','2024-02-28 22:05:52.102649',0,1,NULL,NULL,NULL),('269710037142867992','269710037142867971','','查询','system:user:read',2,'',0,'',0,1,1,'2023-11-10 00:31:44.023393','2024-02-28 22:05:52.102649',0,1,NULL,NULL,NULL),('269710037142867993','269710037142867972','','新增','system:role:create',2,'',0,'',0,1,1,'2023-11-10 00:31:44.023393','2024-02-28 22:05:52.102649',0,1,NULL,NULL,NULL),('269710037142867994','269710037142867972','','删除','system:role:delete',2,'',0,'',0,1,1,'2023-11-10 00:31:44.023393','2024-02-28 22:05:52.102649',0,1,NULL,NULL,NULL),('269710037142867995','269710037142867972','','修改','system:role:update',2,'',0,'',0,1,1,'2023-11-10 00:31:44.023393','2024-02-28 22:05:52.102649',0,1,NULL,NULL,NULL),('269710037142867996','269710037142867972','','查询','system:role:read',2,'',0,'',0,1,1,'2023-11-10 00:31:44.023393','2024-02-28 22:05:52.102649',0,1,NULL,NULL,NULL),('269710037142867997','269710037142867973',NULL,'新增','system:menu:create',2,NULL,0,NULL,0,1,1,'2023-11-10 00:31:44.023393','2024-02-28 22:05:52.102649',0,1,NULL,NULL,NULL),('269710037142867998','269710037142867973',NULL,'删除','system:menu:delete',2,NULL,0,NULL,0,1,1,'2023-11-10 00:31:44.023393','2024-02-28 22:05:52.102649',0,1,NULL,NULL,NULL),('269710037142867999','269710037142867973','','修改','system:menu:update',2,'',0,'',0,1,1,'2023-11-10 00:31:44.023393','2024-02-28 22:05:52.102649',0,1,NULL,NULL,NULL),('269710037142868000','269710037142867973',NULL,'查询','system:menu:read',2,NULL,0,NULL,0,1,1,'2023-11-10 00:31:44.023393','2024-02-28 22:05:52.102649',0,1,NULL,NULL,NULL),('269710037142868001','269710037142867975','','下线','system:online:kick',2,'',0,'',0,1,1,'2023-11-10 00:31:44.023393','2024-02-28 22:05:52.102649',0,1,NULL,NULL,NULL),('269710037142868003','269710037142867979','','新增','system:task:create',2,'',0,'',0,1,1,'2023-11-10 00:31:44.023393','2024-02-28 22:05:52.102649',0,1,NULL,NULL,NULL),('269710037142868004','269710037142867979','','删除','system:task:delete',2,'',0,'',0,1,1,'2023-11-10 00:31:44.023393','2024-02-28 22:05:52.102649',0,1,NULL,NULL,NULL),('269710037147062272','269710037142867979','','执行一次','system:task:once',2,'',0,'',0,1,1,'2023-11-10 00:31:44.023393','2024-02-28 22:05:52.102649',0,1,NULL,NULL,NULL),('269710037147062273','269710037142867979','','查询','system:task:read',2,'',0,'',0,1,1,'2023-11-10 00:31:44.023393','2024-02-28 22:05:52.102649',0,1,NULL,NULL,NULL),('269710037147062274','269710037142867979','','运行','system:task:start',2,'',0,'',0,1,1,'2023-11-10 00:31:44.023393','2024-02-28 22:05:52.102649',0,1,NULL,NULL,NULL),('269710037147062275','269710037142867979','','暂停','system:task:stop',2,'',0,'',0,1,1,'2023-11-10 00:31:44.023393','2024-02-28 22:05:52.102649',0,1,NULL,NULL,NULL),('269710037147062276','269710037142867979','','更新','system:task:update',2,'',0,'',0,1,1,'2023-11-10 00:31:44.023393','2024-02-28 22:05:52.102649',0,1,NULL,NULL,NULL),('269710037147062277','269710037142867976','','查询登录日志','system:log:login:list',2,'',0,'',0,1,1,'2023-11-10 00:31:44.023393','2024-02-28 22:05:52.102649',0,1,NULL,NULL,NULL),('269710037147062278','269710037142867976','','查询任务日志','system:log:task:list',2,'',0,'',0,1,1,'2023-11-10 00:31:44.023393','2024-02-28 22:05:52.102649',0,1,NULL,NULL,NULL),('269710037147062279',NULL,'/about','关于','',1,'ant-design:info-circle-outlined',260,'account/about',0,1,1,'2023-11-10 00:31:44.023393','2024-02-28 22:05:52.102649',0,1,NULL,NULL,NULL),('269710037147062284',NULL,'/tool','系统工具',NULL,0,'ant-design:tool-outlined',254,'',0,1,1,'2023-11-10 00:31:44.023393','2024-02-28 22:05:52.102649',0,1,NULL,NULL,NULL),('269710037147062285','269710037147062284','/tool/email','邮件工具','system:tools:email',1,'ant-design:send-outlined',1,'tool/email/index',0,1,1,'2023-11-10 00:31:44.023393','2024-02-28 22:05:52.102649',0,1,NULL,NULL,NULL),('269710037147062286','269710037147062285',NULL,'发送邮件','tools:email:send',2,'',0,NULL,0,1,1,'2023-11-10 00:31:44.023393','2024-02-28 22:05:52.102649',0,1,NULL,NULL,NULL),('269710037147062287','269710037147062284','/tool/storage','存储管理','tool:storage:list',1,'ant-design:appstore-outlined',2,'tool/storage/index',0,1,1,'2023-11-10 00:31:44.023393','2024-02-28 22:05:52.102649',0,1,NULL,NULL,NULL),('269710037147062288','269710037147062287',NULL,'文件上传','upload:upload',2,'',0,NULL,0,1,1,'2023-11-10 00:31:44.023393','2024-02-28 22:05:52.102649',0,1,NULL,NULL,NULL),('269710037147062289','269710037147062287',NULL,'文件删除','tool:storage:delete',2,'',2,NULL,0,1,1,'2023-11-10 00:31:44.023393','2024-02-28 22:05:52.102649',0,1,NULL,NULL,NULL),('269710037147062290','269710037142867971',NULL,'修改密码','system:user:password',2,'',5,NULL,0,1,1,'2023-11-10 00:31:44.023393','2024-02-28 22:05:52.102649',0,1,NULL,NULL,NULL),('269710037147062292','269710037142867970','/system/dict-type','字典管理','system:dict-type:list',1,'ant-design:book-outlined',4,'system/dict-type/index',0,1,1,'2023-11-10 00:31:44.023393','2024-02-28 22:05:52.102649',0,1,NULL,NULL,NULL),('269710037147062293','269710037147062292',NULL,'新增','system:dict-type:create',2,'',1,NULL,0,1,1,'2023-11-10 00:31:44.023393','2024-02-28 22:05:52.102649',0,1,NULL,NULL,NULL),('269710037147062294','269710037147062292',NULL,'更新','system:dict-type:update',2,'',2,NULL,0,1,1,'2023-11-10 00:31:44.023393','2024-02-28 22:05:52.102649',0,1,NULL,NULL,NULL),('269710037147062295','269710037147062292',NULL,'删除','system:dict-type:delete',2,'',3,NULL,0,1,1,'2023-11-10 00:31:44.023393','2024-02-28 22:05:52.102649',0,1,NULL,NULL,NULL),('269710037147062296','269710037147062292',NULL,'查询','system:dict-type:info',2,'',4,NULL,0,1,1,'2023-11-10 00:31:44.023393','2024-02-28 22:05:52.102649',0,1,NULL,NULL,NULL),('269710037147062297','269710037142867970','/system/dept','部门管理','system:dept:list',1,'ant-design:deployment-unit-outlined',3,'system/dept/index',0,1,1,'2023-11-10 00:31:44.023393','2024-02-28 22:05:52.102649',0,1,NULL,NULL,NULL),('269710037147062298','269710037147062297',NULL,'新增','system:dept:create',2,'',1,NULL,0,1,1,'2023-11-10 00:31:44.023393','2024-02-28 22:05:52.102649',0,1,NULL,NULL,NULL),('269710037147062299','269710037147062297',NULL,'更新','system:dept:update',2,'',2,NULL,0,1,1,'2023-11-10 00:31:44.023393','2024-02-28 22:05:52.102649',0,1,NULL,NULL,NULL),('269710037147062300','269710037147062297',NULL,'删除','system:dept:delete',2,'',3,NULL,0,1,1,'2023-11-10 00:31:44.023393','2024-02-28 22:05:52.102649',0,1,NULL,NULL,NULL),('269710037147062301','269710037147062297',NULL,'查询','system:dept:read',2,'',4,NULL,0,1,1,'2023-11-10 00:31:44.023393','2024-02-28 22:05:52.102649',0,1,NULL,NULL,NULL),('269710037147062304','269710037142867974','/health','健康检查','',1,'',4,'',0,0,1,'2023-11-10 00:31:44.023393','2024-02-28 22:05:52.102649',0,1,NULL,NULL,NULL),('269710037147062305','269710037147062304',NULL,'网络','app:health:network',2,'',0,NULL,0,1,1,'2023-11-10 00:31:44.023393','2024-02-28 22:05:52.102649',0,1,NULL,NULL,NULL),('269710037147062306','269710037147062304',NULL,'数据库','app:health: database',2,'',0,NULL,0,1,1,'2023-11-10 00:31:44.023393','2024-02-28 22:05:52.102649',0,1,NULL,NULL,NULL),('269710037147062322','269710037142867970','/param-config','参数配置','system:param-config:list',1,'ep:edit',255,'system/param-config/index',0,1,1,'2024-01-10 17:34:52.569663','2024-01-19 02:11:27.000000',0,1,NULL,NULL,NULL),('269710037147062323','269710037147062322',NULL,'查询','system:param-config:read',2,'',255,NULL,0,1,1,'2024-01-10 17:39:20.983241','2024-02-28 22:05:52.102649',0,1,NULL,NULL,NULL),('269710037147062324','269710037147062322',NULL,'新增','system:param-config:create',2,'',255,NULL,0,1,1,'2024-01-10 17:39:57.543510','2024-02-28 22:05:52.102649',0,1,NULL,NULL,NULL),('269710037147062325','269710037147062322',NULL,'更新','system:param-config:update',2,'',255,NULL,0,1,1,'2024-01-10 17:40:27.355944','2024-02-28 22:05:52.102649',0,1,NULL,NULL,NULL),('269710037147062328','269710037147062322',NULL,'删除','system:param-config:delete',2,'',255,NULL,0,1,1,'2024-01-10 17:57:32.059887','2024-02-28 22:05:52.102649',0,1,NULL,NULL,NULL),('269710037147062343','269710037142867970','system/dict-item/:id','字典项管理','system:dict-item:list',1,'ant-design:facebook-outlined',255,'system/dict-item/index',0,0,1,'2024-01-28 09:21:17.409532','2024-01-30 13:09:47.000000',0,1,'字典管理',NULL,NULL),('269710037147062344','269710037147062343',NULL,'新增','system:dict-item:create',2,'',255,NULL,0,1,1,'2024-01-28 09:22:39.401758','2024-02-28 22:05:52.102649',0,1,NULL,NULL,NULL),('269710037147062345','269710037147062343',NULL,'更新','system:dict-item:update',2,'',255,NULL,0,1,1,'2024-01-28 09:26:43.911886','2024-02-28 22:05:52.102649',0,1,NULL,NULL,NULL),('269710037147062346','269710037147062343',NULL,'删除','system:dict-item:delete',2,'',255,NULL,0,1,1,'2024-01-28 09:27:28.535225','2024-02-28 22:05:52.102649',0,1,NULL,NULL,NULL),('269710037147062347','269710037147062343',NULL,'查询','system:dict-item:info',2,'',255,NULL,0,1,1,'2024-01-28 09:27:43.894820','2024-02-28 22:05:52.102649',0,1,NULL,NULL,NULL),('269710037147062351',NULL,'netdisk','网盘管理',NULL,0,'ant-design:cloud-server-outlined',255,NULL,0,1,1,'2024-02-10 08:00:02.394616','2024-02-28 22:05:52.102649',0,1,NULL,NULL,NULL),('269710037147062352','269710037147062351','manage','文件管理','netdisk:manage:list',1,'',252,'netdisk/manage',0,1,1,'2024-02-10 08:03:49.837348','2024-02-10 09:34:41.000000',0,1,NULL,NULL,NULL),('269710037147062353','269710037147062352',NULL,'创建文件或文件夹','netdisk:manage:create',2,'',255,NULL,0,1,1,'2024-02-10 08:40:22.317257','2024-02-28 22:05:52.102649',0,1,NULL,NULL,NULL),('269710037147062354','269710037147062352',NULL,'查看文件','netdisk:manage:read',2,'',255,NULL,0,1,1,'2024-02-10 08:41:22.008015','2024-02-28 22:05:52.102649',0,1,NULL,NULL,NULL),('269710037147062355','269710037147062352',NULL,'更新','netdisk:manage:update',2,'',255,NULL,0,1,1,'2024-02-10 08:41:50.691643','2024-02-28 22:05:52.102649',0,1,NULL,NULL,NULL),('269710037147062356','269710037147062352',NULL,'删除','netdisk:manage:delete',2,'',255,NULL,0,1,1,'2024-02-10 08:42:09.480601','2024-02-28 22:05:52.102649',0,1,NULL,NULL,NULL),('269710037147062357','269710037147062352',NULL,'获取文件上传token','netdisk:manage:token',2,'',255,NULL,0,1,1,'2024-02-10 08:42:57.688104','2024-02-28 22:05:52.102649',0,1,NULL,NULL,NULL),('269710037147062358','269710037147062352',NULL,'添加文件备注','netdisk:manage:mark',2,'',255,NULL,0,1,1,'2024-02-10 08:43:40.117321','2024-02-28 22:05:52.102649',0,1,NULL,NULL,NULL),('269710037147062359','269710037147062352',NULL,'下载文件','netdisk:manage:download',2,'',255,NULL,0,1,1,'2024-02-10 08:44:01.338984','2024-02-28 22:05:52.102649',0,1,NULL,NULL,NULL),('269710037147062360','269710037147062352',NULL,'重命名文件或文件夹','netdisk:manage:rename',2,'',255,NULL,0,1,1,'2024-02-10 08:44:27.233379','2024-02-28 22:05:52.102649',0,1,NULL,NULL,NULL),('269710037147062361','269710037147062352',NULL,'复制文件或文件夹','netdisk:manage:copy',2,'',255,NULL,0,1,1,'2024-02-10 08:44:44.725391','2024-02-28 22:05:52.102649',0,1,NULL,NULL,NULL),('269710037147062362','269710037147062352',NULL,'剪切文件或文件夹','netdisk:manage:cut',2,'',255,NULL,0,1,1,'2024-02-10 08:45:21.660511','2024-02-28 22:05:52.102649',0,1,NULL,NULL,NULL),('269710037147062363','269710037147062351','overview','网盘概览','netdisk:overview:desc',1,'',254,'netdisk/overview',0,1,1,'2024-02-10 09:32:56.981190','2024-02-10 09:34:18.000000',0,1,NULL,NULL,NULL);
/*!40000 ALTER TABLE `sys_menu` ENABLE KEYS */;

--
-- Table structure for table `sys_role`
--

DROP TABLE IF EXISTS `sys_role`;
/*!40101 SET @saved_cs_client     = @@character_set_client */;
/*!50503 SET character_set_client = utf8mb4 */;
CREATE TABLE `sys_role` (
  `id` varchar(19) CHARACTER SET utf8mb4 COLLATE utf8mb4_general_ci NOT NULL COMMENT '主键ID（雪花ID）',
  `value` varchar(255) COLLATE utf8mb4_general_ci NOT NULL COMMENT '角色标识',
  `name` varchar(50) CHARACTER SET utf8mb4 COLLATE utf8mb4_general_ci NOT NULL,
  `remark` varchar(255) CHARACTER SET utf8mb4 COLLATE utf8mb4_general_ci DEFAULT NULL,
  `status` tinyint DEFAULT '1',
  `created_at` datetime(6) NOT NULL DEFAULT CURRENT_TIMESTAMP(6),
  `updated_at` datetime(6) NOT NULL DEFAULT CURRENT_TIMESTAMP(6) ON UPDATE CURRENT_TIMESTAMP(6),
  `default` tinyint DEFAULT NULL,
  `create_by` varchar(19) COLLATE utf8mb4_general_ci DEFAULT NULL COMMENT '创建者',
  `update_by` varchar(19) COLLATE utf8mb4_general_ci DEFAULT NULL COMMENT '更新者',
  PRIMARY KEY (`id`) USING BTREE,
  UNIQUE KEY `IDX_223de54d6badbe43a5490450c3` (`name`) USING BTREE,
  UNIQUE KEY `IDX_05edc0a51f41bb16b7d8137da9` (`value`) USING BTREE
) ENGINE=InnoDB DEFAULT CHARSET=utf8mb4 COLLATE=utf8mb4_general_ci ROW_FORMAT=DYNAMIC;
/*!40101 SET character_set_client = @saved_cs_client */;

--
-- Dumping data for table `sys_role`
--

/*!40000 ALTER TABLE `sys_role` DISABLE KEYS */;
INSERT INTO `sys_role` VALUES ('269710037147062364','admin','管理员','超级管理员',1,'2023-11-10 00:31:44.058463','2026-01-14 17:24:21.000000',NULL,NULL,'269710037142867969'),('269710037147062365','user','用户','',1,'2023-11-10 00:31:44.058463','2024-01-30 18:44:45.000000',1,NULL,NULL),('269710037147062366','test','测试',NULL,1,'2024-01-23 22:46:52.408827','2024-01-30 01:04:52.000000',NULL,NULL,NULL);
/*!40000 ALTER TABLE `sys_role` ENABLE KEYS */;

--
-- Table structure for table `sys_role_menus`
--

DROP TABLE IF EXISTS `sys_role_menus`;
/*!40101 SET @saved_cs_client     = @@character_set_client */;
/*!50503 SET character_set_client = utf8mb4 */;
CREATE TABLE `sys_role_menus` (
  `role_id` varchar(19) CHARACTER SET utf8mb4 COLLATE utf8mb4_general_ci NOT NULL,
  `menu_id` varchar(19) CHARACTER SET utf8mb4 COLLATE utf8mb4_general_ci NOT NULL,
  PRIMARY KEY (`role_id`,`menu_id`),
  KEY `IDX_35ce749b04d57e226d059e0f63` (`role_id`),
  KEY `IDX_2b95fdc95b329d66c18f5baed6` (`menu_id`),
  CONSTRAINT `FK_2b95fdc95b329d66c18f5baed6d` FOREIGN KEY (`menu_id`) REFERENCES `sys_menu` (`id`) ON DELETE CASCADE,
  CONSTRAINT `FK_35ce749b04d57e226d059e0f633` FOREIGN KEY (`role_id`) REFERENCES `sys_role` (`id`) ON DELETE CASCADE ON UPDATE CASCADE
) ENGINE=InnoDB DEFAULT CHARSET=utf8mb4 COLLATE=utf8mb4_unicode_ci;
/*!40101 SET character_set_client = @saved_cs_client */;

--
-- Dumping data for table `sys_role_menus`
--

/*!40000 ALTER TABLE `sys_role_menus` DISABLE KEYS */;
INSERT INTO `sys_role_menus` VALUES ('269710037147062364','269710037142867970'),('269710037147062364','269710037142867971'),('269710037147062364','269710037142867972'),('269710037147062364','269710037142867973'),('269710037147062364','269710037142867974'),('269710037147062364','269710037142867975'),('269710037147062364','269710037142867976'),('269710037147062364','269710037142867977'),('269710037147062364','269710037142867978'),('269710037147062364','269710037142867979'),('269710037147062364','269710037142867980'),('269710037147062364','269710037142867989'),('269710037147062364','269710037142867990'),('269710037147062364','269710037142867991'),('269710037147062364','269710037142867992'),('269710037147062364','269710037142867993'),('269710037147062364','269710037142867994'),('269710037147062364','269710037142867995'),('269710037147062364','269710037142867996'),('269710037147062364','269710037142867997'),('269710037147062364','269710037142867998'),('269710037147062364','269710037142867999'),('269710037147062364','269710037142868000'),('269710037147062364','269710037142868001'),('269710037147062364','269710037142868003'),('269710037147062364','269710037142868004'),('269710037147062364','269710037147062272'),('269710037147062364','269710037147062273'),('269710037147062364','269710037147062274'),('269710037147062364','269710037147062275'),('269710037147062364','269710037147062276'),('269710037147062364','269710037147062277'),('269710037147062364','269710037147062278'),('269710037147062364','269710037147062279'),('269710037147062364','269710037147062284'),('269710037147062364','269710037147062285'),('269710037147062364','269710037147062286'),('269710037147062364','269710037147062287'),('269710037147062364','269710037147062288'),('269710037147062364','269710037147062289'),('269710037147062364','269710037147062290'),('269710037147062364','269710037147062292'),('269710037147062364','269710037147062293'),('269710037147062364','269710037147062294'),('269710037147062364','269710037147062295'),('269710037147062364','269710037147062296'),('269710037147062364','269710037147062297'),('269710037147062364','269710037147062298'),('269710037147062364','269710037147062299'),('269710037147062364','269710037147062300'),('269710037147062364','269710037147062301'),('269710037147062364','269710037147062304'),('269710037147062364','269710037147062305'),('269710037147062364','269710037147062306'),('269710037147062364','269710037147062322'),('269710037147062364','269710037147062323'),('269710037147062364','269710037147062324'),('269710037147062364','269710037147062325'),('269710037147062364','269710037147062328'),('269710037147062364','269710037147062343'),('269710037147062364','269710037147062344'),('269710037147062364','269710037147062345'),('269710037147062364','269710037147062346'),('269710037147062364','269710037147062347'),('269710037147062364','269710037147062351'),('269710037147062364','269710037147062352'),('269710037147062364','269710037147062353'),('269710037147062364','269710037147062354'),('269710037147062364','269710037147062355'),('269710037147062364','269710037147062356'),('269710037147062364','269710037147062357'),('269710037147062364','269710037147062358'),('269710037147062364','269710037147062359'),('269710037147062364','269710037147062360'),('269710037147062364','269710037147062361'),('269710037147062364','269710037147062362'),('269710037147062364','269710037147062363'),('269710037147062365','269710037142867970'),('269710037147062365','269710037142867974'),('269710037147062365','269710037142867975'),('269710037147062365','269710037142867976'),('269710037147062365','269710037142867977'),('269710037147062365','269710037142867978'),('269710037147062365','269710037142867979'),('269710037147062365','269710037142867980'),('269710037147062365','269710037142868001'),('269710037147062365','269710037142868003'),('269710037147062365','269710037142868004'),('269710037147062365','269710037147062272'),('269710037147062365','269710037147062273'),('269710037147062365','269710037147062274'),('269710037147062365','269710037147062275'),('269710037147062365','269710037147062276'),('269710037147062365','269710037147062277'),('269710037147062365','269710037147062278'),('269710037147062365','269710037147062279'),('269710037147062365','269710037147062284'),('269710037147062365','269710037147062285'),('269710037147062365','269710037147062286'),('269710037147062365','269710037147062287'),('269710037147062365','269710037147062288'),('269710037147062365','269710037147062289'),('269710037147062365','269710037147062292'),('269710037147062365','269710037147062293'),('269710037147062365','269710037147062294'),('269710037147062365','269710037147062295'),('269710037147062365','269710037147062296'),('269710037147062365','269710037147062304'),('269710037147062365','269710037147062305'),('269710037147062365','269710037147062306'),('269710037147062365','269710037147062322'),('269710037147062365','269710037147062323'),('269710037147062365','269710037147062324'),('269710037147062365','269710037147062325'),('269710037147062365','269710037147062328'),('269710037147062365','269710037147062343'),('269710037147062365','269710037147062344'),('269710037147062365','269710037147062345'),('269710037147062365','269710037147062346'),('269710037147062365','269710037147062347'),('269710037147062366','269710037142867970'),('269710037147062366','269710037142867971'),('269710037147062366','269710037142867972'),('269710037147062366','269710037142867973'),('269710037147062366','269710037142867974'),('269710037147062366','269710037142867975'),('269710037147062366','269710037142867976'),('269710037147062366','269710037142867977'),('269710037147062366','269710037142867978'),('269710037147062366','269710037142867979'),('269710037147062366','269710037142867980'),('269710037147062366','269710037142867989'),('269710037147062366','269710037142867990'),('269710037147062366','269710037142867991'),('269710037147062366','269710037142867992'),('269710037147062366','269710037142867993'),('269710037147062366','269710037142867994'),('269710037147062366','269710037142867995'),('269710037147062366','269710037142867996'),('269710037147062366','269710037142867997'),('269710037147062366','269710037142867998'),('269710037147062366','269710037142867999'),('269710037147062366','269710037142868000'),('269710037147062366','269710037142868001'),('269710037147062366','269710037142868003'),('269710037147062366','269710037142868004'),('269710037147062366','269710037147062272'),('269710037147062366','269710037147062273'),('269710037147062366','269710037147062274'),('269710037147062366','269710037147062275'),('269710037147062366','269710037147062276'),('269710037147062366','269710037147062277'),('269710037147062366','269710037147062278'),('269710037147062366','269710037147062290'),('269710037147062366','269710037147062292'),('269710037147062366','269710037147062293'),('269710037147062366','269710037147062294'),('269710037147062366','269710037147062295'),('269710037147062366','269710037147062296'),('269710037147062366','269710037147062297'),('269710037147062366','269710037147062298'),('269710037147062366','269710037147062299'),('269710037147062366','269710037147062300'),('269710037147062366','269710037147062301'),('269710037147062366','269710037147062304'),('269710037147062366','269710037147062305'),('269710037147062366','269710037147062306'),('269710037147062366','269710037147062322'),('269710037147062366','269710037147062323'),('269710037147062366','269710037147062324'),('269710037147062366','269710037147062325'),('269710037147062366','269710037147062328');
/*!40000 ALTER TABLE `sys_role_menus` ENABLE KEYS */;

--
-- Table structure for table `sys_task`
--

DROP TABLE IF EXISTS `sys_task`;
/*!40101 SET @saved_cs_client     = @@character_set_client */;
/*!50503 SET character_set_client = utf8mb4 */;
CREATE TABLE `sys_task` (
  `id` varchar(19) CHARACTER SET utf8mb4 COLLATE utf8mb4_general_ci NOT NULL COMMENT '主键ID（雪花ID）',
  `name` varchar(50) CHARACTER SET utf8mb4 COLLATE utf8mb4_general_ci NOT NULL,
  `service` varchar(255) CHARACTER SET utf8mb4 COLLATE utf8mb4_general_ci NOT NULL,
  `type` tinyint NOT NULL DEFAULT '0',
  `status` tinyint NOT NULL DEFAULT '1',
  `start_time` datetime DEFAULT NULL,
  `end_time` datetime DEFAULT NULL,
  `limit` int DEFAULT '0',
  `cron` varchar(255) CHARACTER SET utf8mb4 COLLATE utf8mb4_general_ci DEFAULT NULL,
  `every` int DEFAULT NULL,
  `data` text CHARACTER SET utf8mb4 COLLATE utf8mb4_general_ci,
  `job_opts` text CHARACTER SET utf8mb4 COLLATE utf8mb4_general_ci,
  `remark` varchar(255) CHARACTER SET utf8mb4 COLLATE utf8mb4_general_ci DEFAULT NULL,
  `created_at` datetime(6) NOT NULL DEFAULT CURRENT_TIMESTAMP(6),
  `updated_at` datetime(6) NOT NULL DEFAULT CURRENT_TIMESTAMP(6) ON UPDATE CURRENT_TIMESTAMP(6),
  PRIMARY KEY (`id`) USING BTREE,
  UNIQUE KEY `IDX_ef8e5ab5ef2fe0ddb1428439ef` (`name`) USING BTREE
) ENGINE=InnoDB DEFAULT CHARSET=utf8mb4 COLLATE=utf8mb4_general_ci ROW_FORMAT=DYNAMIC;
/*!40101 SET character_set_client = @saved_cs_client */;

--
-- Dumping data for table `sys_task`
--

/*!40000 ALTER TABLE `sys_task` DISABLE KEYS */;
INSERT INTO `sys_task` VALUES ('269710037151256578','定时清空登录日志','LogClearJob.clearLoginLog',0,1,NULL,NULL,0,'0 0 3 ? * 1',0,'','{\"count\":1,\"key\":\"__default__:269710037151256578:::0 0 3 ? * 1\",\"cron\":\"0 0 3 ? * 1\",\"jobId\":\"269710037151256578\"}','定时清空登录日志','2023-11-10 00:31:44.197779','2026-01-15 14:52:00.000000'),('269710037151256579','定时清空任务日志','LogClearJob.clearTaskLog',0,1,NULL,NULL,0,'0 0 3 ? * 1',0,'','{\"count\":1,\"key\":\"__default__:269710037151256579:::0 0 3 ? * 1\",\"cron\":\"0 0 3 ? * 1\",\"jobId\":\"269710037151256579\"}','定时清空任务日志','2023-11-10 00:31:44.197779','2026-01-15 14:52:00.000000');
/*!40000 ALTER TABLE `sys_task` ENABLE KEYS */;

--
-- Table structure for table `sys_task_log`
--

DROP TABLE IF EXISTS `sys_task_log`;
/*!40101 SET @saved_cs_client     = @@character_set_client */;
/*!50503 SET character_set_client = utf8mb4 */;
CREATE TABLE `sys_task_log` (
  `id` varchar(19) CHARACTER SET utf8mb4 COLLATE utf8mb4_general_ci NOT NULL COMMENT '主键ID（雪花ID）',
  `task_id` varchar(19) COLLATE utf8mb4_general_ci DEFAULT NULL COMMENT '主键ID（雪花ID）',
  `status` tinyint NOT NULL DEFAULT '0',
  `detail` text CHARACTER SET utf8mb4 COLLATE utf8mb4_general_ci,
  `consume_time` int DEFAULT '0',
  `created_at` datetime(6) NOT NULL DEFAULT CURRENT_TIMESTAMP(6),
  `updated_at` datetime(6) NOT NULL DEFAULT CURRENT_TIMESTAMP(6) ON UPDATE CURRENT_TIMESTAMP(6),
  PRIMARY KEY (`id`) USING BTREE,
  KEY `FK_f4d9c36052fdb188ff5c089454b` (`task_id`),
  CONSTRAINT `FK_f4d9c36052fdb188ff5c089454b` FOREIGN KEY (`task_id`) REFERENCES `sys_task` (`id`)
) ENGINE=InnoDB DEFAULT CHARSET=utf8mb4 COLLATE=utf8mb4_general_ci ROW_FORMAT=DYNAMIC;
/*!40101 SET character_set_client = @saved_cs_client */;

--
-- Dumping data for table `sys_task_log`
--

/*!40000 ALTER TABLE `sys_task_log` DISABLE KEYS */;
INSERT INTO `sys_task_log` VALUES ('269710037155450880','269710037151256579',1,NULL,0,'2024-02-05 03:06:22.037448','2024-02-05 03:06:22.037448'),('269710037155450881','269710037151256578',1,NULL,0,'2024-02-10 09:42:21.738712','2024-02-10 09:42:21.738712');
/*!40000 ALTER TABLE `sys_task_log` ENABLE KEYS */;

--
-- Table structure for table `sys_user`
--

DROP TABLE IF EXISTS `sys_user`;
/*!40101 SET @saved_cs_client     = @@character_set_client */;
/*!50503 SET character_set_client = utf8mb4 */;
CREATE TABLE `sys_user` (
  `id` varchar(19) CHARACTER SET utf8mb4 COLLATE utf8mb4_general_ci NOT NULL COMMENT '主键ID（雪花ID）',
  `username` varchar(255) CHARACTER SET utf8mb4 COLLATE utf8mb4_general_ci NOT NULL,
  `password` varchar(255) CHARACTER SET utf8mb4 COLLATE utf8mb4_general_ci NOT NULL,
  `avatar` varchar(255) CHARACTER SET utf8mb4 COLLATE utf8mb4_general_ci DEFAULT NULL,
  `email` varchar(255) CHARACTER SET utf8mb4 COLLATE utf8mb4_general_ci DEFAULT NULL,
  `phone` varchar(255) CHARACTER SET utf8mb4 COLLATE utf8mb4_general_ci DEFAULT NULL,
  `remark` varchar(255) CHARACTER SET utf8mb4 COLLATE utf8mb4_general_ci DEFAULT NULL,
  `psalt` varchar(32) CHARACTER SET utf8mb4 COLLATE utf8mb4_general_ci NOT NULL,
  `status` tinyint DEFAULT '1',
  `qq` varchar(255) CHARACTER SET utf8mb4 COLLATE utf8mb4_general_ci DEFAULT NULL,
  `created_at` datetime(6) NOT NULL DEFAULT CURRENT_TIMESTAMP(6),
  `updated_at` datetime(6) NOT NULL DEFAULT CURRENT_TIMESTAMP(6) ON UPDATE CURRENT_TIMESTAMP(6),
  `nickname` varchar(255) CHARACTER SET utf8mb4 COLLATE utf8mb4_general_ci DEFAULT NULL,
  `dept_id` varchar(19) COLLATE utf8mb4_general_ci DEFAULT NULL COMMENT '主键ID（雪花ID）',
  PRIMARY KEY (`id`) USING BTREE,
  UNIQUE KEY `IDX_9e7164b2f1ea1348bc0eb0a7da` (`username`) USING BTREE,
  KEY `FK_96bde34263e2ae3b46f011124ac` (`dept_id`),
  CONSTRAINT `FK_96bde34263e2ae3b46f011124ac` FOREIGN KEY (`dept_id`) REFERENCES `sys_dept` (`id`)
) ENGINE=InnoDB DEFAULT CHARSET=utf8mb4 COLLATE=utf8mb4_general_ci ROW_FORMAT=DYNAMIC;
/*!40101 SET character_set_client = @saved_cs_client */;

--
-- Dumping data for table `sys_user`
--

/*!40000 ALTER TABLE `sys_user` DISABLE KEYS */;
INSERT INTO `sys_user` VALUES ('269710037142867969','admin','1a23305f522c33c3b2ad286205cea83d','https://thirdqq.qlogo.cn/g?b=qq&s=100&nk=244463094','244463094@qq.com','10086','管理员','xQYCspvFb8cAW6GG1pOoUGTLqsuUSO3d',1,'244463094','2023-11-10 00:31:44.104382','2026-01-15 14:22:15.000000','bogy','269710037138673664');
/*!40000 ALTER TABLE `sys_user` ENABLE KEYS */;

--
-- Table structure for table `sys_user_roles`
--

DROP TABLE IF EXISTS `sys_user_roles`;
/*!40101 SET @saved_cs_client     = @@character_set_client */;
/*!50503 SET character_set_client = utf8mb4 */;
CREATE TABLE `sys_user_roles` (
  `user_id` varchar(19) CHARACTER SET utf8mb4 COLLATE utf8mb4_general_ci NOT NULL,
  `role_id` varchar(19) CHARACTER SET utf8mb4 COLLATE utf8mb4_general_ci NOT NULL,
  PRIMARY KEY (`user_id`,`role_id`),
  KEY `IDX_96311d970191a044ec048011f4` (`user_id`),
  KEY `IDX_6d61c5b3f76a3419d93a421669` (`role_id`),
  CONSTRAINT `FK_6d61c5b3f76a3419d93a4216695` FOREIGN KEY (`role_id`) REFERENCES `sys_role` (`id`),
  CONSTRAINT `FK_96311d970191a044ec048011f44` FOREIGN KEY (`user_id`) REFERENCES `sys_user` (`id`) ON DELETE CASCADE ON UPDATE CASCADE
) ENGINE=InnoDB DEFAULT CHARSET=utf8mb4 COLLATE=utf8mb4_unicode_ci;
/*!40101 SET character_set_client = @saved_cs_client */;

--
-- Dumping data for table `sys_user_roles`
--

/*!40000 ALTER TABLE `sys_user_roles` DISABLE KEYS */;
INSERT INTO `sys_user_roles` VALUES ('269710037142867969','269710037147062364');
/*!40000 ALTER TABLE `sys_user_roles` ENABLE KEYS */;

--
-- Table structure for table `todo`
--

DROP TABLE IF EXISTS `todo`;
/*!40101 SET @saved_cs_client     = @@character_set_client */;
/*!50503 SET character_set_client = utf8mb4 */;
CREATE TABLE `todo` (
  `id` varchar(19) CHARACTER SET utf8mb4 COLLATE utf8mb4_general_ci NOT NULL COMMENT '主键ID（雪花ID）',
  `value` varchar(500) CHARACTER SET utf8mb4 COLLATE utf8mb4_general_ci NOT NULL COMMENT '内容',
  `user_id` varchar(19) CHARACTER SET utf8mb4 COLLATE utf8mb4_general_ci DEFAULT NULL COMMENT '用户ID',
  `status` tinyint NOT NULL DEFAULT '0',
  `created_at` datetime(6) NOT NULL DEFAULT CURRENT_TIMESTAMP(6),
  `updated_at` datetime(6) NOT NULL DEFAULT CURRENT_TIMESTAMP(6) ON UPDATE CURRENT_TIMESTAMP(6),
  PRIMARY KEY (`id`)
) ENGINE=InnoDB DEFAULT CHARSET=utf8mb4 COLLATE=utf8mb4_0900_ai_ci;
/*!40101 SET character_set_client = @saved_cs_client */;

--
-- Dumping data for table `todo`
--

/*!40000 ALTER TABLE `todo` DISABLE KEYS */;
INSERT INTO `todo` VALUES ('269710037155450882','nest.js',NULL,0,'2023-11-10 00:31:44.139730','2023-11-10 00:31:44.147629');
/*!40000 ALTER TABLE `todo` ENABLE KEYS */;

--
-- Table structure for table `tool_storage`
--

DROP TABLE IF EXISTS `tool_storage`;
/*!40101 SET @saved_cs_client     = @@character_set_client */;
/*!50503 SET character_set_client = utf8mb4 */;
CREATE TABLE `tool_storage` (
  `id` varchar(19) CHARACTER SET utf8mb4 COLLATE utf8mb4_general_ci NOT NULL,
  `created_at` datetime(6) NOT NULL DEFAULT CURRENT_TIMESTAMP(6),
  `updated_at` datetime(6) NOT NULL DEFAULT CURRENT_TIMESTAMP(6) ON UPDATE CURRENT_TIMESTAMP(6),
  `name` varchar(200) CHARACTER SET utf8mb4 COLLATE utf8mb4_general_ci DEFAULT NULL COMMENT '文件名称',
  `fileName` varchar(200) CHARACTER SET utf8mb4 COLLATE utf8mb4_general_ci DEFAULT NULL COMMENT '文件名',
  `ext_name` varchar(50) CHARACTER SET utf8mb4 COLLATE utf8mb4_general_ci DEFAULT NULL COMMENT '文件扩展名',
  `path` varchar(500) CHARACTER SET utf8mb4 COLLATE utf8mb4_general_ci DEFAULT NULL COMMENT '文件路径',
  `type` varchar(50) CHARACTER SET utf8mb4 COLLATE utf8mb4_general_ci DEFAULT NULL COMMENT '文件类型',
  `size` varchar(50) CHARACTER SET utf8mb4 COLLATE utf8mb4_general_ci DEFAULT NULL COMMENT '文件大小',
  `user_id` varchar(19) CHARACTER SET utf8mb4 COLLATE utf8mb4_general_ci DEFAULT NULL,
  PRIMARY KEY (`id`)
) ENGINE=InnoDB DEFAULT CHARSET=utf8mb4 COLLATE=utf8mb4_unicode_ci;
/*!40101 SET character_set_client = @saved_cs_client */;

--
-- Dumping data for table `tool_storage`
--

/*!40000 ALTER TABLE `tool_storage` DISABLE KEYS */;
/*!40000 ALTER TABLE `tool_storage` ENABLE KEYS */;

--
-- Table structure for table `user_access_tokens`
--

DROP TABLE IF EXISTS `user_access_tokens`;
/*!40101 SET @saved_cs_client     = @@character_set_client */;
/*!50503 SET character_set_client = utf8mb4 */;
CREATE TABLE `user_access_tokens` (
  `id` varchar(19) CHARACTER SET utf8mb4 COLLATE utf8mb4_general_ci NOT NULL,
  `value` varchar(1000) CHARACTER SET utf8mb4 COLLATE utf8mb4_general_ci NOT NULL COMMENT '访问令牌值',
  `expired_at` datetime NOT NULL COMMENT '令牌过期时间',
  `created_at` datetime(6) NOT NULL DEFAULT CURRENT_TIMESTAMP(6) COMMENT '令牌创建时间',
  `user_id` varchar(19) CHARACTER SET utf8mb4 COLLATE utf8mb4_general_ci DEFAULT NULL,
  PRIMARY KEY (`id`)
) ENGINE=InnoDB DEFAULT CHARSET=utf8mb4 COLLATE=utf8mb4_unicode_ci;
/*!40101 SET character_set_client = @saved_cs_client */;

--
-- Dumping data for table `user_access_tokens`
--

/*!40000 ALTER TABLE `user_access_tokens` DISABLE KEYS */;
INSERT INTO `user_access_tokens` VALUES ('269711964995981312','eyJhbGciOiJIUzI1NiIsInR5cCI6IkpXVCJ9.eyJ1aWQiOjEsInB2IjoxLCJyb2xlcyI6WyJhZG1pbiJdLCJpYXQiOjE3MDc1MDkxNTd9.0gtKlcxrxQ-TarEai2lsBnfMc852ZDYHeSjjhpo5Fn8','2024-02-11 04:05:58','2024-02-10 04:05:57.696509','269710037142867969'),('269711964995981313','eyJhbGciOiJIUzI1NiIsInR5cCI6IkpXVCJ9.eyJ1aWQiOjEsInB2IjoxLCJyb2xlcyI6WyJhZG1pbiJdLCJpYXQiOjE3MDczMTEzMDJ9.D5Qpht1RquKor8WtgfGAcCp8LwG7z3FZhIwbyQzhDmE','2024-02-08 21:08:22','2024-02-07 21:08:22.130066','269710037142867969'),('269711964995981314','eyJhbGciOiJIUzI1NiIsInR5cCI6IkpXVCJ9.eyJ1aWQiOjEsInB2IjoxLCJyb2xlcyI6WyJhZG1pbiJdLCJpYXQiOjE3MDczNzIxNjF9.tRQOxhB-01Pcut5MXm4L5D1OrbMJfS4LfUys0XB4kWs','2024-02-09 14:02:41','2024-02-08 14:02:41.081164','269710037142867969'),('269711964995981315','eyJhbGciOiJIUzI1NiIsInR5cCI6IkpXVCJ9.eyJ1aWQiOjEsInB2IjoxLCJyb2xlcyI6WyJhZG1pbiJdLCJpYXQiOjE3MDc1Mjc5MDV9.7LeiS3LBBdiAc7YrULWpmnI1oNSvR79K-qjEOlBYOnI','2024-02-11 09:18:26','2024-02-10 09:18:25.656695','269710037142867969'),('269711964995981316','eyJhbGciOiJIUzI1NiIsInR5cCI6IkpXVCJ9.eyJ1aWQiOjEsInB2IjoxLCJyb2xlcyI6WyJhZG1pbiJdLCJpYXQiOjE3MDczNzIxMjd9.VRuJHGca2IPrdfTyW09wfhht4x8JX207pKG-0aZyF60','2024-02-09 14:02:07','2024-02-08 14:02:07.390658','269710037142867969'),('269716209803595776','eyJhbGciOiJIUzI1NiIsInR5cCI6IkpXVCJ9.eyJ1aWQiOiIyNjk3MTAwMzcxNDI4Njc5NjkiLCJwdiI6MSwicm9sZXMiOlsiYWRtaW4iXSwiaWF0IjoxNzY4MzcyNTU1LCJleHAiOjE3Njg0NTg5NTV9.ebm-HrrPrIWPufuvBMPux3LyGC_RAUxqsPms3edIF8A','2026-01-15 14:35:55','2026-01-14 14:35:55.506036','269710037142867969'),('269726505762951168','eyJhbGciOiJIUzI1NiIsInR5cCI6IkpXVCJ9.eyJ1aWQiOiIyNjk3MTAwMzcxNDI4Njc5NjkiLCJwdiI6MSwicm9sZXMiOlsiYWRtaW4iXSwiaWF0IjoxNzY4Mzc1MDEwLCJleHAiOjE3Njg0NjE0MTB9.I0FMIuqTf-sF0_MN2EH3-VWnO2RRHPxdW-I3WCab1eY','2026-01-15 15:16:50','2026-01-14 15:16:50.253783','269710037142867969'),('269746009532403712','eyJhbGciOiJIUzI1NiIsInR5cCI6IkpXVCJ9.eyJ1aWQiOiIyNjk3MTAwMzcxNDI4Njc5NjkiLCJwdiI6MSwicm9sZXMiOlsiYWRtaW4iXSwiaWF0IjoxNzY4Mzc5NjYwLCJleHAiOjE3Njg0NjYwNjB9.ZtfttdNxMH1XxC3dnOeg6rPjO69a1aq85nmw2iGryhU','2026-01-15 16:34:20','2026-01-14 16:34:20.314354','269710037142867969'),('269748601637441536','eyJhbGciOiJIUzI1NiIsInR5cCI6IkpXVCJ9.eyJ1aWQiOiIyNjk3MTAwMzcxNDI4Njc5NjkiLCJwdiI6MSwicm9sZXMiOlsiYWRtaW4iXSwiaWF0IjoxNzY4MzgwMjc4LCJleHAiOjE3Njg0NjY2Nzh9.vI8QgJIjao04BaJgqsU3BbxGB1gdVlX_pI65GI4VjNY','2026-01-15 16:44:38','2026-01-14 16:44:38.320145','269710037142867969'),('269763984146698240','eyJhbGciOiJIUzI1NiIsInR5cCI6IkpXVCJ9.eyJ1aWQiOiIyNjk3MTAwMzcxNDI4Njc5NjkiLCJwdiI6MSwicm9sZXMiOlsiYWRtaW4iXSwiaWF0IjoxNzY4MzgzOTQ1LCJleHAiOjE3Njg0NzAzNDV9.2H9s8NmtSowC9fp02qtZO3mMnKLwKl_uKhLkQ_tK6kM','2026-01-15 17:45:46','2026-01-14 17:45:45.796621','269710037142867969'),('270000411665108992','eyJhbGciOiJIUzI1NiIsInR5cCI6IkpXVCJ9.eyJ1aWQiOiIyNjk3MTAwMzcxNDI4Njc5NjkiLCJwdiI6MSwicm9sZXMiOlsiYWRtaW4iXSwiaWF0IjoxNzY4NDQwMzE0LCJleHAiOjE3Njg1MjY3MTR9.OZT6IlPUEGNcOIR6eIAzJBD8JPYVeyOV81zxFvKGawg','2026-01-16 09:25:15','2026-01-15 09:25:14.508889','269710037142867969'),('270075217701900288','eyJhbGciOiJIUzI1NiIsInR5cCI6IkpXVCJ9.eyJ1aWQiOiIyNjk3MTAwMzcxNDI4Njc5NjkiLCJwdiI6MSwicm9sZXMiOlsiYWRtaW4iXSwiaWF0IjoxNzY4NDU4MTQ5LCJleHAiOjE3Njg1NDQ1NDl9.mKbQmHyO0kAknWXjCsb8jAakM1caCIQ2Hoy_hDdDzhQ','2026-01-16 14:22:30','2026-01-15 14:22:29.658730','269710037142867969');
/*!40000 ALTER TABLE `user_access_tokens` ENABLE KEYS */;

--
-- Table structure for table `user_refresh_tokens`
--

DROP TABLE IF EXISTS `user_refresh_tokens`;
/*!40101 SET @saved_cs_client     = @@character_set_client */;
/*!50503 SET character_set_client = utf8mb4 */;
CREATE TABLE `user_refresh_tokens` (
  `id` varchar(19) CHARACTER SET utf8mb4 COLLATE utf8mb4_general_ci NOT NULL,
  `value` varchar(1000) CHARACTER SET utf8mb4 COLLATE utf8mb4_general_ci NOT NULL COMMENT '刷新令牌值',
  `expired_at` datetime NOT NULL COMMENT '令牌过期时间',
  `created_at` datetime(6) NOT NULL DEFAULT CURRENT_TIMESTAMP(6) COMMENT '令牌创建时间',
  `accessTokenId` varchar(19) CHARACTER SET utf8mb4 COLLATE utf8mb4_general_ci DEFAULT NULL,
  PRIMARY KEY (`id`),
  UNIQUE KEY `REL_1dfd080c2abf42198691b60ae3` (`accessTokenId`)
) ENGINE=InnoDB DEFAULT CHARSET=utf8mb4 COLLATE=utf8mb4_unicode_ci;
/*!40101 SET character_set_client = @saved_cs_client */;

--
-- Dumping data for table `user_refresh_tokens`
--

/*!40000 ALTER TABLE `user_refresh_tokens` DISABLE KEYS */;
INSERT INTO `user_refresh_tokens` VALUES ('269711964995981317','eyJhbGciOiJIUzI1NiIsInR5cCI6IkpXVCJ9.eyJ1dWlkIjoiRTRpOXVYei1TdldjdWRnclFXVmFXIiwiaWF0IjoxNzA3MzcyMTYxfQ.NOQufR5EAPE2uZoyenmAj9H7S7qo4d6W1aW2ojDxZQc','2024-03-09 14:02:41','2024-02-08 14:02:41.091492','269711964995981314'),('269711964995981318','eyJhbGciOiJIUzI1NiIsInR5cCI6IkpXVCJ9.eyJ1dWlkIjoicXJvTWNYMnhNRW5uRmZGWkQtaUx0IiwiaWF0IjoxNzA3MzExMzAyfQ.dFIWCePZnn2z2Qv1D5PKBKXUwVDI0Gp091MIOi9jiIo','2024-03-08 21:08:22','2024-02-07 21:08:22.145464','269711964995981313'),('269711964995981319','eyJhbGciOiJIUzI1NiIsInR5cCI6IkpXVCJ9.eyJ1dWlkIjoicDhUMzdGNFFaUDJHLU5yNGVha21wIiwiaWF0IjoxNzA3MzcyMTI3fQ.fn3It6RKIxXlKmqixg0BMmY_YsQmAxtetueqW-0y1IM','2024-03-09 14:02:07','2024-02-08 14:02:07.410008','269711964995981316'),('269711964995981320','eyJhbGciOiJIUzI1NiIsInR5cCI6IkpXVCJ9.eyJ1dWlkIjoiNE5WdmFIc2hWaU05ZFh0QnVBaHNsIiwiaWF0IjoxNzA3NTI3OTA1fQ.zzyGX0mOJe6KWpTzIi7We9d9c0MRuDeGC86DMB0Vubs','2024-03-11 09:18:26','2024-02-10 09:18:25.664251','269711964995981315'),('269711964995981321','eyJhbGciOiJIUzI1NiIsInR5cCI6IkpXVCJ9.eyJ1dWlkIjoiWGJQdl9SVjFtUl80N0o0TGF0QlV5IiwiaWF0IjoxNzA3NTA5MTU3fQ.oEVdWSigTpAQY7F8MlwBnedldH0sJT1YF1Mt0ZUbIw4','2024-03-11 04:05:58','2024-02-10 04:05:57.706763','269711964995981312'),('269716209849733120','eyJhbGciOiJIUzI1NiIsInR5cCI6IkpXVCJ9.eyJ1dWlkIjoiejB0WXJmMXJaT2NoMkxZUFJWU1Q3IiwiaWF0IjoxNzY4MzcyNTU1LCJleHAiOjE3Njg0NTg5NTV9.75wVVmfH8pGKUegsU0N2DqWcbK_PJMm52u6Yhf3ky78','2026-02-13 14:35:56','2026-01-14 14:35:55.516167','269716209803595776'),('269726505813282816','eyJhbGciOiJIUzI1NiIsInR5cCI6IkpXVCJ9.eyJ1dWlkIjoiU0xYMW9oSmFYdDVJcmwzSlh5V29xIiwiaWF0IjoxNzY4Mzc1MDEwLCJleHAiOjE3Njg0NjE0MTB9.ZHqbEH2FDVoaL5H9z8RLhwgHKc4vQ8y1t9Ky8-9nZHQ','2026-02-13 15:16:50','2026-01-14 15:16:50.263557','269726505762951168'),('269744697294065664','eyJhbGciOiJIUzI1NiIsInR5cCI6IkpXVCJ9.eyJ1dWlkIjoiUGNXZDdaT2JlVU1ZYnpjUjYwblhYIiwiaWF0IjoxNzY4Mzc5MzQ3LCJleHAiOjE3Njg0NjU3NDd9.Ri-yexfq6leMW7A9Xo-wRtu6Ra-TF_t4yeZyXnDRsxs','2026-02-13 16:29:07','2026-01-14 16:29:07.450650','269744697226956800'),('269746009595318272','eyJhbGciOiJIUzI1NiIsInR5cCI6IkpXVCJ9.eyJ1dWlkIjoiZmdmY0NNalBSZERRRU96VjBGc3lsIiwiaWF0IjoxNzY4Mzc5NjYwLCJleHAiOjE3Njg0NjYwNjB9.G1iD2uhT2wjwaRLW7oiSdF7fY8-MNDcjyOcdcmuUlBU','2026-02-13 16:34:20','2026-01-14 16:34:20.328007','269746009532403712'),('269748601746493440','eyJhbGciOiJIUzI1NiIsInR5cCI6IkpXVCJ9.eyJ1dWlkIjoiWi03bFNXNG1zVzZ6clJLVlRuWmFVIiwiaWF0IjoxNzY4MzgwMjc4LCJleHAiOjE3Njg0NjY2Nzh9.I61wVm73Q1dZ8rLBIlujSk_LR2a7u92xVzn3sBaez2Y','2026-02-13 16:44:38','2026-01-14 16:44:38.343762','269748601637441536'),('269757968269053952','eyJhbGciOiJIUzI1NiIsInR5cCI6IkpXVCJ9.eyJ1dWlkIjoiZWJOeUxBZVg1Q054STFVdy1mbXRHIiwiaWF0IjoxNzY4MzgyNTExLCJleHAiOjE3Njg0Njg5MTF9.Sa-NX8EWZgpc95IMsMRqk-bKw8FPvRw-pCAAOGfa5qA','2026-02-13 17:21:51','2026-01-14 17:21:51.497444','269757968189362176'),('269763984218001408','eyJhbGciOiJIUzI1NiIsInR5cCI6IkpXVCJ9.eyJ1dWlkIjoiZXZoTEk4VnZCa0h5aVdmcDBUcElsIiwiaWF0IjoxNzY4MzgzOTQ1LCJleHAiOjE3Njg0NzAzNDV9.WW-HlCIXAOsN57rhcjOcVReDOZ8UkVhq9B4KzmlNYWQ','2026-02-13 17:45:46','2026-01-14 17:45:45.812052','269763984146698240'),('270000411715440640','eyJhbGciOiJIUzI1NiIsInR5cCI6IkpXVCJ9.eyJ1dWlkIjoiOU9hdVZqN3ZISE9kOG9xUkZCbkFyIiwiaWF0IjoxNzY4NDQwMzE0LCJleHAiOjE3Njg1MjY3MTR9.DmKVvz9WW_0ZyKrpS3erSU9n9XjCPpmxbOMGbzxZvyU','2026-02-14 09:25:15','2026-01-15 09:25:14.519720','270000411665108992'),('270075217882255360','eyJhbGciOiJIUzI1NiIsInR5cCI6IkpXVCJ9.eyJ1dWlkIjoibVFtRW5JMFduZ19UdGpqRFFoUDJxIiwiaWF0IjoxNzY4NDU4MTQ5LCJleHAiOjE3Njg1NDQ1NDl9.UV4KB-iNE7A8DHSvUO8TAxpYorTHTUDgTOCBrN2d5is','2026-02-14 14:22:30','2026-01-15 14:22:29.700110','270075217701900288');
/*!40000 ALTER TABLE `user_refresh_tokens` ENABLE KEYS */;

--
-- Dumping routines for database 'nest_admin'
--
/*!40103 SET TIME_ZONE=@OLD_TIME_ZONE */;

/*!40101 SET SQL_MODE=@OLD_SQL_MODE */;
/*!40014 SET FOREIGN_KEY_CHECKS=@OLD_FOREIGN_KEY_CHECKS */;
/*!40014 SET UNIQUE_CHECKS=@OLD_UNIQUE_CHECKS */;
/*!40101 SET CHARACTER_SET_CLIENT=@OLD_CHARACTER_SET_CLIENT */;
/*!40101 SET CHARACTER_SET_RESULTS=@OLD_CHARACTER_SET_RESULTS */;
/*!40101 SET COLLATION_CONNECTION=@OLD_COLLATION_CONNECTION */;
/*!40111 SET SQL_NOTES=@OLD_SQL_NOTES */;

-- Dump completed on 2026-01-15 14:54:41
